Area,Component,Requirement,Implementation,Status,Severity,Notes,File,Lines
Rep Counting,ROM Counters,repsRomCount/repsRomTotal,Accepts repsRomCount parameter,MATCHES,,-,RepCounterFromMachine.kt,123-130
Rep Counting,Set Counters,repsSetCount/repsSetTotal,Accepts repsSetCount parameter,MATCHES,,-,RepCounterFromMachine.kt,123-130
Rep Counting,Up/Down Tracking,up/down counters,Parameters: up down,MATCHES,,-,RepCounterFromMachine.kt,126-127
Rep Counting,Position Calibration,rangeTop/rangeBottom,Sliding window calibration,MATCHES,,-,RepCounterFromMachine.kt,248-265
Rep Counting,Warmup Strategy,Count on ROM counter increment,Tracked at lines 154-174,MATCHES,,-,RepCounterFromMachine.kt,154-174
Rep Counting,Working Strategy,Count on Set counter increment,Tracked at lines 176-205,MATCHES,,-,RepCounterFromMachine.kt,176-205
SampleStatus,REP_TOP_READY,0x0001 (1),32,MISMATCH,CRITICAL,32x too large; breaks BLE parsing,SampleStatus.kt,1-18
SampleStatus,REP_BOTTOM_READY,0x0002 (2),64,MISMATCH,CRITICAL,32x too large; breaks BLE parsing,SampleStatus.kt,1-18
SampleStatus,ROM_OUTSIDE_HIGH,0x0004 (4),4,MATCHES,,-,SampleStatus.kt,1-18
SampleStatus,ROM_OUTSIDE_LOW,0x0008 (8),8,MATCHES,,-,SampleStatus.kt,1-18
SampleStatus,ROM_UNLOAD_ACTIVE,0x0010 (16),128,MISMATCH,CRITICAL,8x too large; breaks BLE parsing,SampleStatus.kt,1-18
SampleStatus,SPOTTER_ACTIVE,0x0020 (32),16,MISMATCH,CRITICAL,Wrong bit position; breaks parsing,SampleStatus.kt,1-18
SampleStatus,DELOAD_WARN,0x0040 (64),1,MISMATCH,CRITICAL,64x too small; breaks parsing,SampleStatus.kt,1-18
SampleStatus,DELOAD_OCCURRED,0x8000 (32768),2,MISMATCH,CRITICAL,16384x too small; breaks parsing,SampleStatus.kt,1-18
Handle Detection,HANDLE_GRAB_FORCE_KG,3.0 kg,3.0f,MATCHES,,-,VitruvianBleManager.kt,140
Handle Detection,HANDLE_GRAB_DURATION_MS,200 ms,100 ms,PARTIAL,HIGH,50% of spec; may cause false triggers,VitruvianBleManager.kt,142
Handle Detection,HANDLE_RELEASE_FORCE_KG,1.0 kg,1.0f,MATCHES,,-,VitruvianBleManager.kt,143
Handle Detection,HANDLE_RELEASE_DURATION_MS,500 ms,150 ms,PARTIAL,HIGH,30% of spec; may cause false triggers,VitruvianBleManager.kt,144
Handle Detection,Position-based Grab,Not specified,HANDLE_GRABBED_THRESHOLD=8.0,EXTENSION,MEDIUM,Additional check beyond spec,VitruvianBleManager.kt,135
Handle Detection,Position-based Release,Not specified,HANDLE_REST_THRESHOLD=2.5,EXTENSION,MEDIUM,Additional check beyond spec,VitruvianBleManager.kt,136
Auto-Start/Stop,IDLE State,Required,Present,MATCHES,,-,WorkoutState.kt,10
Auto-Start/Stop,CONFIGURING State,Required,MISSING,MISSING,MEDIUM,No state for parameter setup,WorkoutState.kt,1-40
Auto-Start/Stop,WAITING State,Required,MISSING (uses Countdown),PARTIAL,MEDIUM,Uses Countdown state instead,WorkoutState.kt,14
Auto-Start/Stop,ACTIVE State,Required,Present,MATCHES,,-,WorkoutState.kt,16
Auto-Start/Stop,COMPLETED State,Required,Present,MATCHES,,-,WorkoutState.kt,29
Auto-Start/Stop,Auto-start Countdown,30-second countdown,5-second countdown implemented,PARTIAL,MEDIUM,Works but different duration,MainViewModel.kt,577-589
Auto-Start/Stop,Handle Grab Detection,Monitor for grab event,Implemented with position/force checks,IMPLEMENTED,LOW,-,VitruvianBleManager.kt,918-938
Auto-Start/Stop,Handle Release Detection,Monitor for release event,Implemented with threshold checks,IMPLEMENTED,LOW,-,VitruvianBleManager.kt,952-956
Auto-Start/Stop,Danger Zone Detection,ROM boundaries + margin check,Implemented with 5% margin,IMPLEMENTED,LOW,-,RepCounterFromMachine.kt,305-326
Heuristic Stats,HeuristicPhaseStatistics,6 metrics per phase,6 metrics: kgAvg/Max velAvg/Max wattAvg/Max,MATCHES,,-,HeuristicPhaseStatistics.kt,1-10
Heuristic Stats,kgAvg,Average force in kg,Present,MATCHES,,-,HeuristicPhaseStatistics.kt,4
Heuristic Stats,kgMax,Maximum force in kg,Present,MATCHES,,-,HeuristicPhaseStatistics.kt,5
Heuristic Stats,velAvg,Average velocity mm/s,Present,MATCHES,,-,HeuristicPhaseStatistics.kt,6
Heuristic Stats,velMax,Maximum velocity mm/s,Present,MATCHES,,-,HeuristicPhaseStatistics.kt,7
Heuristic Stats,wattAvg,Average power in watts,Present,MATCHES,,-,HeuristicPhaseStatistics.kt,8
Heuristic Stats,wattMax,Maximum power in watts,Present,MATCHES,,-,HeuristicPhaseStatistics.kt,9
Heuristic Stats,HeuristicStatistics,Concentric + Eccentric phases,Two HeuristicPhaseStatistics objects,MATCHES,,-,HeuristicStatistics.kt,1-7
Heuristic Stats,Concentric Phase,Upward/push phase stats,Present as .concentric,MATCHES,,-,HeuristicStatistics.kt,4
Heuristic Stats,Eccentric Phase,Downward/pull phase stats,Present as .eccentric,MATCHES,,-,HeuristicStatistics.kt,5
Heuristic Stats,Timestamp,Not specified,Added for reference,ENHANCEMENT,LOW,-,HeuristicStatistics.kt,6
